use beautyofbeaches3;


INSERT INTO `continents` (`id`, `name`, `created_at`, `updated_at`) VALUES
(1, 'Asia', NULL, NULL),
(2, 'Europe', NULL, NULL),
(3, 'Americas', NULL, NULL),
(4, 'Africa', NULL, NULL),
(5, 'Australasia', NULL, NULL);


INSERT INTO `nations` (`id`, `name`, `continentid`, `created_at`, `updated_at`) VALUES
(1, 'Vietnam', 1, NULL, NULL),
(2, 'India', 1, NULL, NULL),
(3, 'Malaysia', 1, NULL, NULL),
(4, 'Thailand', 1, NULL, NULL),
(5, 'Italy', 2, NULL, NULL),
(6, 'France', 2, NULL, NULL),
(7, 'Greece', 2, NULL, NULL),
(8, 'Portugal', 2, NULL, NULL),
(9, 'United States of America', 3, NULL, NULL),
(10, 'Brazil', 3, NULL, NULL),
(11, 'Mexico', 3, NULL, NULL),
(12, 'Jamaica', 3, NULL, NULL),
(13, 'Seychelles', 4, NULL, NULL),
(14, 'Mozambique', 4, NULL, NULL),
(15, 'Madagascar', 4, NULL, NULL),
(16, 'The Arab Republic of Egypt', 4, NULL, NULL),
(17, 'Astralia', 5, NULL, NULL),
(18, 'New Zealand', 5, NULL, NULL);


INSERT INTO `beaches` (`id`, `name`, `avartar_url`, `description`, `nationid`, `visitor`, `ratingScore`, `map_html_code`, `created_at`, `updated_at`) VALUES
	(1, 'Nha Trang', 'https://ik.imagekit.io/tvlk/blog/2023/07/bai-bien-nha-trang-8-1024x576.jpg?tr=dpr-2,w-675', 'Nha Trang is known for its blue sand beaches and many tourist activities such as scuba diving, island tours, and enjoying delicious pearl seafood.', 1, '9000000', 4.3, 'https://www.google.com/maps/embed?pb=!1m18!1m12!1m3!1d124762.70707798099!2d109.24650199999999!3d12.25947015!2m3!1f0!2f0!3f0!3m2!1i1024!2i768!4f13.1!3m3!1m2!1s0x3170677811cc886f%3A0x5c4bbc0aa81edcb9!2zTmhhIFRyYW5nLCBLaMOhbmggSMOyYQ!5e0!3m2!1svi!2s!4v1721391418633!5m2!1svi!2s', NULL, NULL),
	(2, 'Praia da Marinha', 'https://encrypted-tbn0.gstatic.com/images?q=tbn:ANd9GcQIZ-F_WcoKjkUzbm6r3JqililA2zo6VeDn-g&s', 'Praia da Marinha is famous for its majestic cliffs, golden sand and clear blue sea. This beach regularly appears in lists of the world\'s most beautiful beaches and is an ideal destination for diving and snorkeling.', 8, '8000000', 2.3, 'https://www.google.com/maps/embed?pb=!1m18!1m12!1m3!1d1591.3233965548409!2d-8.412947850000002!3d37.08971845000001!2m3!1f0!2f0!3f0!3m2!1i1024!2i768!4f13.1!3m3!1m2!1s0xd1ad6a403e9e34b%3A0x5cf4506ec0b72698!2sMarinha%20Beach!5e0!3m2!1svi!2s!4v1721404785578!5m2!1svi!2s', NULL, NULL),
	(3, 'Kaanapali', 'https://www.worldbeachguide.com/photos/kaanapali-hawaii.jpg', 'Kaanapali is one of the most beautiful beaches in Maui, with fine white sand and clear blue waters. This beach is also famous for Black Rock, a great spot for diving and snorkeling. Kaanapali also has many high-end resorts, restaurants and shops, creating a perfect vacation experience.', 9, '356306', 4.7, 'https://www.google.com/maps/embed?pb=!1m18!1m12!1m3!1d14907.451980924405!2d-156.6966248!3d20.917831!2m3!1f0!2f0!3f0!3m2!1i1024!2i768!4f13.1!3m3!1m2!1s0x79552b4f5c65bd03%3A0xc6b1fcd12574c5d7!2sKaanapali%20Beach!5e0!3m2!1svi!2s!4v1721405269549!5m2!1svi!2s', NULL, NULL),
	(4, 'Whitehaven', 'https://whitehaven-beach.com/wp-content/uploads/2022/07/Whitehaven-Beach-Whitsunday-Island-Queensland-Australia.jpg', 'Whitehaven Beach is one of the most beautiful beaches in the world, with super-fine white sand and clear emerald green sea water. This is the ideal place to relax, snorkeling and admire the scenery from above.', 17, '1000000', 5, 'https://www.google.com/maps/embed?pb=!1m18!1m12!1m3!1d37030.07312366875!2d-3.5777368000000003!3d54.54443405000001!2m3!1f0!2f0!3f0!3m2!1i1024!2i768!4f13.1!3m3!1m2!1s0x48632dc02bbdb9d7%3A0xa9dc5833ae4cfe12!2zV2hpdGVoYXZlbiwgVsawxqFuZyBRdeG7kWMgQW5o!5e0!3m2!1svi!2s!4v1721405659362!5m2!1svi!2', NULL, NULL),
	(5, 'Anse Source d\'Argent', 'https://encrypted-tbn0.gstatic.com/images?q=tbn:ANd9GcTxbU5spn8oVyR54FMVxgupLG6Xv1-lCH2UoQ&s', 'Anse Source d\'Argent is known for its large granite rocks and fine white sand, creating a stunning landscape. The sea water here is very clear and blue, attracting tourists to relax, scuba dive and take photos.', 13, '300000', 5, 'https://www.google.com/maps/embed?pb=!1m18!1m12!1m3!1d15912.843558426233!2d55.8272425!34.3715401!2m3!1f0!2f0!3f0!3m2!1i1024!2i768!4f13.1!3m3!1m2!1s0x231fecdea4abb367%3A0x5146808cee435a57!2sAnse%20Source%20d&#39;Argent!5e0!3m2!1svi!2s!4v1721405941355!5m2!1svi!2s', NULL, NULL),
	(6, 'Piha', 'https://1964.co.nz/wp-content/uploads/2021/02/ph1.jpg', 'Piha is famous for its black sand from vulcanic minerals and strong sea waves. This beach attracts visitors with its majestic scenery, and is one of the favorite places for activities such as windsurfing and snorkelling.', 18, '200000', 3.2, 'https://www.google.com/maps/embed?pb=!1m18!1m12!1m3!1d51013.38300640965!2d174.49681445!3d-36.95402095!2m3!1f0!2f0!3f0!3m2!1i1024!2i768!4f13.1!3m3!1m2!1s0x6d0d6f035335b4e1%3A0x500ef6143a2f790!2sPiha%200772%2C%20New%20Zealand!5e0!3m2!1svi!2s!4v1721406225546!5m2!1svi!2s', NULL, NULL),
	(7, 'Langkawi', 'https://media1.thrillophilia.com/filestore/f6xqty1ud1oxdknfy2erhcjc9r7w_1578662870_langkawi-island-malaysia-8.jpg?w=400&dpr=2', 'Langkawi is famous for Pantai Cenang and Pantai Tengah beaches, with fine white sand and clear blue sea water. Visitors can participate in activities such as scuba diving, kayaking and enjoy fresh seafood.', 3, '3000000', 3.7, 'https://www.google.com/maps/embed?pb=!1m18!1m12!1m3!1d15863.354691583541!2d99.72854179999999!3d6.284926799999999!2m3!1f0!2f0!3f0!3m2!1i1024!2i768!4f13.1!3m3!1m2!1s0x304b87d9fe12eab3%3A0x9c69c0c942b83aee!2sPantai%20Tengah!5e0!3m2!1svi!2s!4v1721406495037!5m2!1svi!2', NULL, NULL),
	(8, 'Nice', 'https://www.travelandleisure.com/thmb/uLqruTjACardjIBe7FK8tMfA6ZM=/1500x0/filters:no_upscale():max_bytes(150000):strip_icc()/elafonissi-beach-crete-greece-WRLDBEACH0421-50fd96fe8e5e45448d154ae43b38b855.jpg', 'Nice beach is famous for its unique pebble beach and clear blue sea water. Promenade des Anglais is a beautiful coastal road where visitors can stroll, relax and enjoy the scenery.', 6, '7000000', 4.7, 'https://g.co/kgs/fNdhyZW', NULL, NULL),
	(9, 'Copacabana', 'https://www.msccruises.co.za/-/media/global-contents/destinations/ports/brazil/copacabana/cruise-to-copacabana-brazil.jpg?bc=transparent&as=1&dmc=0&iar=0&mh=1395&mw=2460&sc=0&thn=0&udi=0&hash=7F47DC6D7F13218CEC9685A20727BCA0', 'Copacabana is a symbol of Rio de Janeiro and famous around the world for its fine sand beaches, clear blue sea water and long coastline. This beach attracts tourists because it is not only a place to rest and relax but also a center of entertainment activities, especially in the summer and during festivals.', 10, '5000000', 4, 'https://www.google.com/maps/embed?pb=!1m18!1m12!1m3!1d29387.137692567292!2d-43.18379005!3d-22.972600599999996!2m3!1f0!2f0!3f0!3m2!1i1024!2i768!4f13.1!3m3!1m2!1s0x9bd523d20f9c53%3A0x693c6132635e6b0d!2sCopacabana%2C%20Rio%20de%20Janeiro%2C%20Brazil!5e0!3m2!1svi!2s!4v1721406948217!5m2!1svi!2s', NULL, NULL),
	(10, 'Nosy Iranja', 'https://zambofishing.eu/wp-content/uploads/2019/07/sy-iranja.jpg.webp', 'Nosy Iranja is known for its fine white sand and clear blue sea water. This island is also famous for being able to see sea turtles and is a great diving spot.', 15, '19000', 2.5, 'https://www.google.com/maps/embed?pb=!1m18!1m12!1m3!1d31023.584903721992!2d47.81966685!3d-13.5999813!2m3!1f0!2f0!3f0!3m2!1i1024!2i768!4f13.1!3m3!1m2!1s0x22118a46e60e9817%3A0x8e19a4e5b33f2e63!2sNosy%20Iranja!5e0!3m2!1svi!2s!4v1721407240722!5m2!1svi!2s', NULL, NULL),
	(11, 'Navagio (Shipwreck Beach)', 'https://media.tacdn.com/media/attractions-splice-spp-674x446/0b/39/98/19.jpg', 'Navagio is one of Greece\'s most famous beaches, famous for its shipwrecks lying on the white sand. This beach is surrounded by high cliffs and emerald green sea water, creating a beautiful and unique landscape.', 7, '800.000', 4.6, 'https://www.google.com/maps/embed?pb=!1m18!1m12!1m3!1d3150.030492139467!2d20.6248109!3d37.85957695!2m3!1f0!2f0!3f0!3m2!1i1024!2i768!4f13.1!3m3!1m2!1s0x13676b8cc2540ae1%3A0x783ee88b75588aee!2sNavagio!5e0!3m2!1svi!2s!4v1721407442250!5m2!1svi!2s', NULL, NULL),
	(12, 'Waikiki', 'https://media.architecturaldigest.com/photos/5769a3e4fd4057dc7011364e/4:3/w_2563,h_1922,c_limit/waikiki-hawaii-weekend-guide-01.jpg', 'Waikiki is one of the most famous beaches in the world, with fine white sand, clear blue water and gentle waves, ideal for surfing and swimming. The area also has many hotels, restaurants, and shops, creating a vibrant and bustling tourist destination. Additionally, Diamond Head, an extinct volcano, is located nearby and is a popular spot for climbing and sightseeing.', 9, '7000000', 3.7, 'https://www.google.com/maps/embed?pb=!1m18!1m12!1m3!1d14871.124384694827!2d-157.83269825!3d21.28013095!2m3!1f0!2f0!3f0!3m2!1i1024!2i768!4f13.1!3m3!1m2!1s0x7c006df4e5c129af%3A0x4633ddc52a688878!2sWaikiki%2C%20Honolulu%2C%20Hawaii%2096815%2C%20Hoa%20K%E1%BB%B3!5e0!3m2!1svi!2s!4v1721407559560!5m2!1svi!2s', NULL, NULL),
	(13, 'Mỹ Khê', 'https://dichoithoi.com/diem-den/bien-my-khe.jpg', 'Voted by Forbes magazine as one of the most beautiful beaches in the world, My Khe has fine white sand, gentle waves and is an ideal destination for water sports and relaxation activities.', 1, '1500000', 4.5, 'https://www.google.com/maps/embed?pb=!1m18!1m12!1m3!1d7668.136717993817!2d108.24717395!3d16.0619421!2m3!1f0!2f0!3f0!3m2!1i1024!2i768!4f13.1!3m3!1m2!1s0x31421782f7fa0ee3%3A0xeafb8ba272ee55ac!2zQsOjaSBiaeG7g24gTeG7uSBLaMOq!5e0!3m2!1svi!2s!4v1721407623070!5m2!1svi!2s', NULL, NULL),
	(14, 'Cancún', 'https://cdn.vallarta-adventures.com/sites/default/files/2019-01/cancun-about-weather%20%281%29.jpg', 'Cancún is one of the world\'s most popular resort destinations, with long white sand beaches and clear emerald waters. This beach attracts tourists with activities such as water conditioning, scuba diving and visiting entertainment areas.', 11, '5000000', 4.9, 'https://www.google.com/maps/embed?pb=!1m18!1m12!1m3!1d119096.90952604143!2d-86.85640384999999!3d21.12139825!2m3!1f0!2f0!3f0!3m2!1i1024!2i768!4f13.1!3m3!1m2!1s0x8f4c2b05aef653db%3A0xce32b73c625fcd8a!2sCanc%C3%BAn%2C%20Quintana%20Roo%2C%20Mexico!5e0!3m2!1svi!2s!4v1721408036350!5m2!1svi!2s', NULL, NULL),
	(15, 'Bazaruto', 'https://media.cntraveller.com/photos/611bf2f5f902cc2d167b4820/master/w_1600%2Cc_limit/bazaruto-archipelago-mozambique-conde-nast-traveller-3sept14-pr_b.jpg', 'Bazaruto is one of the famous archipelagos and marine protected areas in Mozambique. The beach here has white sand and clear emerald sea water, making it an ideal place to relax, scuba dive and explore coral reefs.', 14, '100000', 4.3, 'https://www.google.com/maps/embed?pb=!1m18!1m12!1m3!1d237328.87487283532!2d35.461247!3d-21.6535982!2m3!1f0!2f0!3f0!3m2!1i1024!2i768!4f13.1!3m3!1m2!1s0x1f26392387a93819%3A0xb86866c682f31372!2sBazaruto%20Island!5e0!3m2!1svi!2s!4v1721408231785!5m2!1svi!2s', NULL, NULL),
	(18, 'Goa', 'https://www.oyorooms.com/travel-guide/wp-content/uploads/2021/08/BlogImage-16Aug_SouthGoa_Image-12-1-1280x720.jpg', 'Goa is famous for its beautiful beaches like Baga, Anjuna, and Palolem. The beach here has fine white sand, clear blue sea water and is an ideal destination for recreational activities such as surfing, kayaking and night parties.', 2, '3000000', 4.8, 'https://g.co/kgs/z3zJGJr', NULL, NULL),
	(19, 'Patong', 'https://www.joeysantini.com/app/uploads/2022/04/Beach.jpg', 'Patong is the most famous beach in Phuket, with fine white sand, clear blue sea water and many nightlife activities. Patong is also a center for water sports activities such as surfing, kayaking and scuba diving.', 4, '1500000', 4, 'https://www.google.com/maps/embed?pb=!1m18!1m12!1m3!1d63230.7149410174!2d98.29248065!3d7.903459599999999!2m3!1f0!2f0!3f0!3m2!1i1024!2i768!4f13.1!3m3!1m2!1s0x30503a96a80e1833%3A0x40223bc2c382480!2zQsOjaSBiaeG7g24gUGF0b25nLCBIdXnhu4duIEthdGh1LCBQaHVrZXQsIFRow6FpIExhbg!5e0!3m2!1svi!2s!4v1721408539313!5m2!1svi!2s', NULL, NULL),
	(20, 'Manly', 'https://www.sydney.com/sites/sydney/files/styles/article_mobile_x2/public/2021-04/164094.jpg?h=2c8a3e30&itok=5v8Jvi4T', 'Manly Beach is a popular beach with tourists and local residents, with white sand and clear blue waters. This is a suitable place for activities such as swimming, walking along the beach and enjoying sea cuisine.', 17, '3000000', 4.2, 'https://g.co/kgs/5BrydaL', NULL, NULL),
	(21, 'Phú Quốc', 'https://vcdn1-dulich.vnecdn.net/2022/04/08/du-lich-Phu-Quoc-02-5022-1649405369.jpg?w=0&h=0&q=100&dpr=1&fit=crop&s=wlhAT2o6cm94fcbOlM28Lg', 'Phu Quoc is famous for its beautiful natural landscapes, white sand beaches, clear blue sea water and high-end resorts. In particular, Bai Sao and Bai Dai are two prominent beaches on the island.', 1, '4000000', 4.4, 'https://www.google.com/maps/embed?pb=!1m18!1m12!1m3!1d251289.94984391145!2d103.957424!3d10.228845399999999!2m3!1f0!2f0!3f0!3m2!1i1024!2i768!4f13.1!3m3!1m2!1s0x31a78c62b49eda17%3A0x8aa79fbbdd72cdb!2zUGjDuiBRdeG7kWM!5e0!3m2!1svi!2s!4v1721408908203!5m2!1svi!2s', NULL, NULL),
	(22, 'Marina', 'https://www.konkan.me/wp-content/uploads/2024/03/1-marina-beach.jpg', 'Marina is the longest beach in India and one of the longest urban beaches in the world. With its vast sandy beach and many recreational activities, Marina is a favorite destination for locals and tourists.', 2, '7000000', 4, 'https://www.google.com/maps/embed?pb=!1m18!1m12!1m3!1d31094.98801703129!2d80.28385355!3d13.04372295!2m3!1f0!2f0!3f0!3m2!1i1024!2i768!4f13.1!3m3!1m2!1s0x3a52689bb60132bb%3A0x549cf8edf62b60a!2sMarina%20Beach!5e0!3m2!1svi!2s!4v1721409466411!5m2!1svi!2s', NULL, NULL),
	(23, 'Railay', 'https://thailand.go.th/uploads/posts/the_post_1684340842.webp', 'Railay is famous for its stunning scenery, including majestic limestone cliffs and clear blue sea water. This beach is an ideal destination for those who love climbing, diving and relaxing on white sand.', 4, '1000000', 4.6, 'https://www.google.com/maps/embed?pb=!1m18!1m12!1m3!1d3950.875821474871!2d98.8370051!3d8.01174015!2m3!1f0!2f0!3f0!3m2!1i1024!2i768!4f13.1!3m3!1m2!1s0x3051ea9e0792e58b%3A0x61d88bb17c215081!2sRailay%20Beach!5e0!3m2!1svi!2s!4v1721409708455!5m2!1svi!2s', NULL, NULL),
	(24, 'Elafonissi', 'https://i0.wp.com/nikiforos.s3.amazonaws.com/wp-content/uploads/2024/04/15131227/Elafonissi-Beach-3-1024x569.jpg?resize=1024%2C569&ssl=1', 'Elafonissi is famous for its pink sand and clear blue sea. This beach is part of a nature reserve, with sand dunes and marshes. Guests can relax, sunbathe and participate in water ac', 7, '200000', 4.7, 'https://www.google.com/maps/embed?pb=!1m18!1m12!1m3!1d6514.933947316834!2d23.5311771!3d35.2695143!2m3!1f0!2f0!3f0!3m2!1i1024!2i768!4f13.1!3m3!1m2!1s0x149ce7838780f609%3A0x45e91b295faeafe0!2sElafonisi!5e0!3m2!1svi!2s!4v1721409937590!5m2!1svi!2s', NULL, NULL),
	(25, 'Frenchman\'s Cove', 'https://frenchmanscove.com/wp-content/uploads/2019/10/frenchmans-cove-jamaica-beach-21.jpg', 'Frenchman\'s Cove is a small but very beautiful beach, with clear blue sea water and white sand like a movie. This beach is surrounded by tropical forests and is the ideal place to relax and enjoy the peaceful atmosphere.', 12, '100000', 4, 'https://www.google.com/maps/embed?pb=!1m18!1m12!1m3!1d86800.22759561332!2d-55.426172!3d47.16750699999999!2m3!1f0!2f0!3f0!3m2!1i1024!2i768!4f13.1!3m3!1m2!1s0x4b6d8a09430d9dc3%3A0x644823b248c1c79e!2sFrenchmans%20Cove%2C%20Newfoundland%20v%C3%A0%20Labrador%2C%20Canada!5e0!3m2!1svi!2s!4v1721410042053!5m2!1svi!2s', NULL, NULL),
	(26, 'Varkala', 'https://dynamic-media-cdn.tripadvisor.com/media/photo-o/15/c8/f1/cb/varkala-beach.jpg?w=1200&h=1200&s=1', 'Varkala is famous for its high seaside cliffs, from which beautiful sunsets can be viewed. This beach also has natural mineral water and is an ideal place to relax, practice yoga and take Ayurvedic classes.', 2, '500000', 4.7, 'https://www.google.com/maps/embed?pb=!1m18!1m12!1m3!1d31547.634134049822!2d76.7174826!3d8.743256749999999!2m3!1f0!2f0!3f0!3m2!1i1024!2i768!4f13.1!3m3!1m2!1s0x3b05ef26d90220fb%3A0xa3ec40c67d4dd020!2zVmFya2FsYSwgS2VyYWxhLCDhuqRuIMSQ4buZ!5e0!3m2!1svi!2s!4v1721410201989!5m2!1svi!2s', NULL, NULL),
	(27, 'Phi Phi', 'https://encrypted-tbn0.gstatic.com/images?q=tbn:ANd9GcQrjPk0MwRlUE7jfwbhYiYyT8uM9YlGh3rI8g&s', 'Phi Phi Island is famous for its white sand beaches, clear blue sea water and majestic scenery. Maya Bay on Phi Phi Leh island became internationally famous after appearing in the movie \"The Beach\" with Leonardo DiCaprio.', 4, '2500000', 4.5, 'https://www.google.com/maps/embed?pb=!1m18!1m12!1m3!1d3953.486783739875!2d98.77014861124378!3d7.7380773078251055!2m3!1f0!2f0!3f0!3m2!1i1024!2i768!4f13.1!3m3!1m2!1s0x3051df3387b63bed%3A0x221b06506cad63e3!2sPhi%20Phi%20Beach!5e0!3m2!1svi!2s!4v1721410393858!5m2!1svi!2s', NULL, NULL),
	(28, 'Praia da Marinha', 'https://cdn.visitportugal.com/sites/default/files/styles/destinos_galeria/public/mediateca/N4.PRA1098D.jpg?itok=QVJjl7HX', 'Praia da Marinha is famous for its majestic cliffs, golden sand and clear blue sea. This beach regularly appears in lists of the world\'s most beautiful beaches and is an ideal destination for diving and snorkeling.', 8, '600000', 4.8, 'https://www.google.com/maps/embed?pb=!1m18!1m12!1m3!1d1591.3233965548409!2d-8.412947850000002!3d37.08971845000001!2m3!1f0!2f0!3f0!3m2!1i1024!2i768!4f13.1!3m3!1m2!1s0xd1ad6a403e9e34b%3A0x5cf4506ec0b72698!2sMarinha%20Beach!5e0!3m2!1svi!2s!4v1721410526366!5m2!1svi!2s\" width=\"400', NULL, NULL),
	(29, 'Miami Beach', 'https://a.cdn-hotels.com/gdcs/production139/d1761/337d7266-abf9-480b-8470-7d3baad6e012.jpg?impolicy=fcrop&w=800&h=533&q=medium', 'Miami Beach is one of the most famous beaches in the United States, with soft white sand and warm waters. South Beach, part of Miami Beach, is especially known for its vibrant nightlife, upscale shopping and distinctive Art Deco architecture.', 9, '14000000', 4.8, 'https://www.google.com/maps/embed?pb=!1m18!1m12!1m3!1d114937.53204589023!2d-80.1401415!3d25.8102415!2m3!1f0!2f0!3f0!3m2!1i1024!2i768!4f13.1!3m3!1m2!1s0x88d9a6172bfeddb9%3A0x37be1741259463eb!2sMiami%20Beach%2C%20Florida%2C%20Hoa%20K%E1%BB%B3!5e0!3m2!1svi!2s!4v1721411487317!5m2!1svi!2s', NULL, NULL),
	(30, 'Ipanema', 'https://dynamic-media-cdn.tripadvisor.com/media/photo-o/16/8c/14/06/ipanema.jpg?w=1200&h=1200&s=1', 'Ipanema is one of Rio de Janeiro\'s most luxurious and fashionable beaches. This place is famous for its fine white sand, clear blue sea and is a popular place for activities such as beach volleyball and walking along the beach. Ipanema also has a variety of bars and restaurants, creating a lively and vibrant atmosphere.', 10, '1000000', 4.1, 'https://www.google.com/maps/embed?pb=!1m18!1m12!1m3!1d58749.42423420636!2d-43.17843885!3d-23.0296824!2m3!1f0!2f0!3f0!3m2!1i1024!2i768!4f13.1!3m3!1m2!1s0x9bd50ffe726191%3A0xbb0215da9c59a67b!2sIpanema%2C%20Rio%20de%20Janeiro%2C%20Brazil!5e0!3m2!1svi!2s!4v1721411580752!5m2!1svi!2s', NULL, NULL),
	(31, 'Bondi', 'https://upload.wikimedia.org/wikipedia/commons/7/79/Bondi_from_above.jpg', 'Bondi Beach is one of Australia\'s most famous beaches, attracting visitors with its fine white sand, waves ideal for surfing, and vibrant entertainment space. There are also many restaurants, cafes and entertainment activities here.', 17, '3000000', 3.4, 'https://www.google.com/maps/embed?pb=!1m18!1m12!1m3!1d3311.894640900575!2d151.27807844999998!3d-33.892367199999995!2m3!1f0!2f0!3f0!3m2!1i1024!2i768!4f13.1!3m3!1m2!1s0x6b12ad9c447281c7%3A0x20c31809c62de978!2zQsOjaSBiaeG7g24gQm9uZGk!5e0!3m2!1svi!2s!4v1721411807956!5m2!1svi!2s', NULL, NULL),
	(32, 'Marsa Matruh', 'https://ucarecdn.com/164c99f5-9994-438f-85ce-6c0699af2a77/-/crop/1000x525/0,87/-/resize/1200x630/-/resize/x400/', 'Marsa Matruh is a quiet beach destination with fine white sand and clear blue sea. This beach is an ideal place to relax and sunbathe, with a peaceful space and majestic natural landscape.', 16, '300000', 4.1, 'https://www.google.com/maps/embed?pb=!1m18!1m12!1m3!1d109049.90104961873!2d27.25533255!3d31.3366363!2m3!1f0!2f0!3f0!3m2!1i1024!2i768!4f13.1!3m3!1m2!1s0x1461f9330b3a3ebb%3A0x69c946b5ce3eeaf2!2sMarsa%20Matruh%2C%20Mersa%20Matruh%2C%20T%E1%BB%89nh%20Matrouh%2C%20Ai%20C%E1%BA%ADp!5e0!3m2!1svi!2s!4v1721412024042!5m2!1svi!2s', NULL, NULL),
	(33, 'Tioman', 'https://encrypted-tbn0.gstatic.com/images?q=tbn:ANd9GcSOcsZhRCPITAzHWcL0gV1ha97lrMdj5iKLsg&s', 'Tioman is famous for beaches like Juara and Salang, with white sand and clear blue sea. This is an ideal location for diving, snorkeling and exploring wildlife.', 3, '400000', 4.6, 'https://www.google.com/maps/embed?pb=!1m18!1m12!1m3!1d127523.41291742439!2d104.03735673026367!3d2.784781324540718!2m3!1f0!2f0!3f0!3m2!1i1024!2i768!4f13.1!3m3!1m2!1s0x31c51e977d95d2d9%3A0xacfd49e07970c620!2sPasir%20Penut!5e0!3m2!1svi!2s!4v1721412221524!5m2!1svi!2s', NULL, NULL);


INSERT INTO `image_libraries` (`id`, `beachid`, `img_url`, `caption`, `created_at`, `updated_at`) VALUES
(1, 1, 'https://ik.imagekit.io/tvlk/blog/2023/07/bai-bien-nha-trang-8-1024x576.jpg?tr=dpr-2,w-675', 'Serenity by the Nha Trang coast', NULL, NULL),
(2, 1, 'https://ik.imagekit.io/tvlk/blog/2023/07/bai-bien-nha-trang-7-1024x683.jpg?tr=dpr-2,w-675', 'Tranquil shores of Nha Trang', NULL, NULL),
(3, 1, 'https://ik.imagekit.io/tvlk/blog/2023/07/bai-bien-nha-trang-3-1024x683.jpg?tr=dpr-2,w-675', 'Lost in the beauty of Nha Trang', NULL, NULL),
(4, 1, 'https://ik.imagekit.io/tvlk/blog/2023/07/bai-bien-nha-trang-2-1024x576.jpg?tr=dpr-2,w-675', 'Capturing the essence of Nha Trang', NULL, NULL),
(5, 1, 'https://ik.imagekit.io/tvlk/blog/2023/07/bai-bien-nha-trang-9.jpg?tr=dpr-2,w-675', 'Tranquility found in Nha Trang', NULL, NULL),
(6, 2, 'https://media.istockphoto.com/id/1215333016/vi/anh/ng%E1%BA%AFm-nh%C3%ACn-b%C3%A3i-bi%E1%BB%83n-v%C3%A1ch-%C4%91%C3%A1-%C4%91i%E1%BB%83n-h%C3%ACnh-t%E1%BA%A1i-b%E1%BB%9D-bi%E1%BB%83n-algarve-%E1%BB%9F-b%E1%BB%93-%C4%91%C3%A0o-nha-v%C3%A0o-m%C3%B9a-h%C3%A8', 'Secluded beauty at Praia da Marinha', NULL, NULL),
(7, 2, 'https://media.istockphoto.com/id/501831617/vi/anh/praia-da-marinha-g%E1%BA%A7n-lagoa-%E1%BB%9F-algarve-b%E1%BB%93-%C4%91%C3%A0o-nha.jpg?s=612x612&w=0&k=20&c=eUWybx1rHZTaSDcVRAgXLFXP1vUEnVuYoXzHhX61gk0=', 'Azure tranquility at Praia da Marinha', NULL, NULL),
(8, 2, 'https://media.istockphoto.com/id/626207204/vi/anh/quang-c%E1%BA%A3nh-b%C3%A3i-bi%E1%BB%83n-c%C3%A1t-xinh-%C4%91%E1%BA%B9p-dona-ana-%E1%BB%9F-lagos.jpg?s=612x612&w=0&k=20&c=jpRuCgbd9vcxXlEqjCVU2_S7s43Y2Ej2-dMATuO2Mf8=', 'Golden sands and crystal waters of Praia da Marinha', NULL, NULL),
(9, 2, 'https://media.istockphoto.com/id/1434757410/vi/anh/v%C3%A1ch-%C4%91%C3%A1-%E1%BB%9F-b%E1%BB%9D-bi%E1%BB%83n-algarve.jpg?s=612x612&w=0&k=20&c=TqTEFUIvnTpWKUu2vYqd4Ro15HwpgTL-x877umLGjtY=', 'Tranquil shores of Praia da Marinha', NULL, NULL),
(10, 2, 'https://media.istockphoto.com/id/465608093/vi/anh/phong-c%E1%BA%A3nh-b%C3%A3i-bi%E1%BB%83n-b%C3%ACnh-d%E1%BB%8B-t%E1%BA%A1i-lagos-algarve.jpg?s=612x612&w=0&k=20&c=vV2U2L6IpXSRUvqJasHu_Z4mHuD_QPGC3SDdtjtnqXY=', 'Sun-kissed paradise at Praia da Marinha', NULL, NULL),
(17, 3, 'https://media.istockphoto.com/id/533055947/vi/anh/b%C3%A3i-bi%E1%BB%83n-kaanapali-t%E1%BB%AB-black-rock-maui-hawaii.jpg?s=612x612&w=0&k=20&c=J3avllplnZh_Ql3n4ES-q5XlfZXRg7llRGbqlNpGY6M=', 'Paradise found in Kaanapali', NULL, NULL),
(18, 3, 'https://media.istockphoto.com/id/1362087426/vi/anh/khu-ngh%E1%BB%89-m%C3%A1t-hawaii-v%E1%BB%9Bi-c%C3%A2y-c%E1%BB%8D-v%C3%A0-ho%C3%A0ng-h%C3%B4n.jpg?s=612x612&w=0&k=20&c=OvSq7lGIYI8kgiZUuREz-maNThBQLHNJ4wBGMzNDTk0=', 'Relaxing vibes at Kaanapali', NULL, NULL),
(19, 3, 'https://media.istockphoto.com/id/1362087440/vi/anh/ch%C3%A8o-thuy%E1%BB%81n-kayak-trong-%C4%91%E1%BA%A1i-d%C6%B0%C6%A1ng-xanh.jpg?s=612x612&w=0&k=20&c=zTsZ-IQiDXDj_giA-HC5VS7NB2n5SM354yXjBLBM0ig=', 'Captivating Kaanapali coastline', NULL, NULL),
(20, 3, 'https://media.istockphoto.com/id/146792870/vi/anh/kh%C3%A1ch-s%E1%BA%A1n-beach.jpg?s=612x612&w=0&k=20&c=NOPIixcTUNLnOJE9wLtTy-LdJ2YwGU5nqLjS9kw5Np8=', 'Into the blue at Kaanapali', NULL, NULL),
(21, 3, 'https://media.istockphoto.com/id/1199550902/vi/anh/phong-c%E1%BA%A3nh-t%E1%BA%A1i-b%C3%A3i-bi%E1%BB%83n-kaanapali.jpg?s=612x612&w=0&k=20&c=BiNpTvMnfCXToLNY7cllUM6O-8TGAM7t7ayhfXsu87w=', 'Exploring Kaanapali\'s beauty', NULL, NULL),
(22, 4, 'https://www.dulichuc.net.vn/wp-content/uploads/2018/10/kham-pha-bai-bien-whitehaven-uc-top-bai-bien-dep-nhat-the-gioi.jpg', 'Pure serenity at Whitehaven', NULL, NULL),
(23, 4, 'https://www.dulichuc.net.vn/wp-content/uploads/2018/10/kham-pha-bai-bien-whitehaven-uc.jpg', 'Heavenly shores of Whitehaven', NULL, NULL),
(24, 4, 'https://tourdulichuc.net/wp-content/uploads/2023/07/bai-bien-whitehaven-1-e1690441346202.jpg', 'Sun-kissed bliss at Whitehaven', NULL, NULL),
(25, 4, 'https://tourdulichuc.net/wp-content/uploads/2023/07/bai-bien-whitehaven-3-e1690441419383.jpg', 'Discovering Whitehaven\'s charm', NULL, NULL),
(26, 4, 'https://www.dulichvietnam.com.vn/kinh-nghiem/wp-content/uploads/2018/01/bai-bien-Whitehaven.jpg', 'Captivating beauty of Whitehaven', NULL, NULL),
(27, 5, '//upload.wikimedia.org/wikipedia/commons/thumb/f/f6/Anse_Source_d%27Argent_2-La_Digue.jpg/800px-Anse_Source_d%27Argent_2-La_Digue.jpg', 'Serenity at Anse Source d\'Argent', NULL, NULL),
(28, 5, 'https://mediaim.expedia.com/destination/2/c93627b2e06a908a51f47d416b12e454.jpg', 'Azure waters of Anse Source d\'Argent', NULL, NULL),
(29, 5, 'https://mediaim.expedia.com/destination/2/e3cbe11e082ab401fbb094bff8488f91.jpg', 'Captivating Anse Source d\'Argent', NULL, NULL),
(30, 5, 'https://mediaim.expedia.com/destination/2/326ec5613eb7e7d91c939c1953f744cf.jpg', 'Nature\'s masterpiece at Anse Source d\'Argent', NULL, NULL),
(31, 5, 'https://mediaim.expedia.com/destination/2/35750010421caf4a4acb59d26986d07e.jpg', 'Discovering the charm of Anse Source d\'Argent', NULL, NULL),
(32, 6, 'https://a.travel-assets.com/findyours-php/viewfinder/images/res70/32000/32656-Piha-Beach.jpg', 'Peaceful on the Piha beach', NULL, NULL),
(33, 6, 'https://a.travel-assets.com/findyours-php/viewfinder/images/res70/32000/32654-Piha-Beach.jpg', 'Masterpiece of nature: Piha beach', NULL, NULL),
(34, 6, 'https://a.travel-assets.com/findyours-php/viewfinder/images/res70/32000/32653-Piha-Beach.jpg', 'Black sand and blue horizon at Piha', NULL, NULL),
(35, 6, 'https://a.travel-assets.com/findyours-php/viewfinder/images/res70/32000/32647-Piha-Beach.jpg', 'Where the wild meets the waves: Piha beach', NULL, NULL),
(36, 6, 'https://a.travel-assets.com/findyours-php/viewfinder/images/res70/32000/32652-Piha-Beach.jpg', 'Sunset miracle at Piha beach', NULL, NULL),
(37, 7, 'https://cdn3.ivivu.com/2016/03/langkawi-island-ivivu-0.jpg', 'Tropical paradise Langkawi', NULL, NULL),
(38, 7, 'https://cdn3.ivivu.com/2016/03/Langkawi-ivivu-b.jpg', 'Memorable adventure in Langkawi', NULL, NULL),
(39, 7, 'https://cdn3.ivivu.com/2016/03/cenang-langkawi-ivivu.jpg', 'Explore Langkawi: Blue sea and white sand', NULL, NULL),
(40, 7, 'https://cdn3.ivivu.com/2016/03/andaman-langkawi-datai-bay-ivivu.jpg', 'Peaceful on the Langkawi beach', NULL, NULL),
(41, 7, 'https://tourdulichmalaysia.vn/wp-content/uploads/2018/06/di-tour-dao-langkawi-kham-pha-the-gioi-dai-duong-5.jpg', 'Langkawi: Where the sea meets the tropical forests', NULL, NULL),
(42, 8, 'http://www.elle.vn/wp-content/uploads/2017/05/13/Du-lịch-Nice-Pháp-5-2-490x326.jpg', 'Discover the beauty of the Mediterranean in Nice', NULL, NULL),
(43, 8, 'https://ik.imagekit.io/tvlk/blog/2023/06/du-lich-nice-phap-3.jpg?tr=dpr-2,w-675', 'Nice: Perfect harmony between sea and city', NULL, NULL),
(44, 8, 'https://sanvemaybay.vn/includes/uploads/2022/08/1561003921-detail-post-e1661504871791.jpeg', 'Nice, where peace and luxury blend', NULL, NULL),
(45, 8, 'https://eurotravel.com.vn/wp-content/uploads/2023/02/phuong-tien-di-chuyen-khi-den-thanh-pho-nice.jpg', 'Beautiful sunrise on the Nice beach', NULL, NULL),
(46, 8, 'https://eurotravel.com.vn/wp-content/uploads/2023/02/dao-pho-tren-con-duong-ven-bien-promenade-des-anglais.jpg', 'Nice: The gem of the Côte d\'Azur', NULL, NULL),
(47, 9, 'https://luhanhvietnam.com.vn/du-lich/vnt_upload/news/06_2020/du-lich-bien-copacabana-1.jpg', 'Brilliant energy at Copacabana beach', NULL, NULL),
(48, 9, 'https://luhanhvietnam.com.vn/du-lich/vnt_upload/news/06_2020/du-lich-bien-copacabana-4.jpg', 'Vibrant life on the Copacabana beach', NULL, NULL),
(49, 9, 'https://luhanhvietnam.com.vn/du-lich/vnt_upload/news/06_2020/du-lich-bien-copacabana-7.jpg', 'Copacabana: Tropical paradise in the heart of Rio', NULL, NULL),
(50, 9, 'https://luhanhvietnam.com.vn/du-lich/vnt_upload/news/06_2020/du-lich-bien-copacabana-8.jpg', 'Discover the beauty of Copacabana: World famous beach', NULL, NULL),
(51, 9, 'https://luhanhvietnam.com.vn/du-lich/vnt_upload/news/06_2020/du-lich-bien-copacabana-10.jpg', 'Discover the beauty of Copacabana: World famous beach', NULL, NULL),
(52, 10, 'https://media-cdn.tripadvisor.com/media/photo-s/0c/35/ef/4d/nosy-iranja.jpg', 'Clear blue sea and fine white sand at Nosy Iranja', NULL, NULL),
(53, 10, 'https://media-cdn.tripadvisor.com/media/photo-s/13/31/93/f5/royal-beach-hotel.jpg', 'Brilliant sunset at Nosy Iranja, where heaven meets earth', NULL, NULL),
(54, 10, 'https://media-cdn.tripadvisor.com/media/photo-s/11/8f/2e/83/20171128-143531-largejpg.jpg', 'Nosy Iranja: The jewel of the Indian Ocean', NULL, NULL),
(55, 10, 'https://media-cdn.tripadvisor.com/media/photo-s/0d/e4/4f/42/20161210-180210-largejpg.jpg', 'Nosy Iranja: A tropical paradise you cannot miss', NULL, NULL),
(56, 10, 'https://media-cdn.tripadvisor.com/media/photo-s/0d/09/91/5d/photo4jpg.jpg', 'Nosy Iranja: The ideal destination for those who love nature and the sea', NULL, NULL),
(57, 11, 'https://cdn-images.vtv.vn/Uploaded/congtacvien/2013_07_04/navagio-6%5B2%5D.jpg', 'Navagio: Mysterious beach with famous shipwreck', NULL, NULL),
(58, 11, 'https://cdn-images.vtv.vn/Uploaded/congtacvien/2013_07_04/navagio-32.jpg', 'Experience the wild and mysterious beauty at Navagio', NULL, NULL),
(59, 11, 'https://cdn-images.vtv.vn/Uploaded/congtacvien/2013_07_04/Zante-Shipwreck-Greece-a19739032.jpg', 'Navagio Beach: Journey to a hidden paradise', NULL, NULL),
(60, 11, 'https://cdn-images.vtv.vn/Uploaded/congtacvien/2013_07_04/navagio-55.jpg', 'Navagio: A destination not to be missed for those who love nature', NULL, NULL),
(61, 11, 'https://cdn-images.vtv.vn/Uploaded/congtacvien/2013_07_04/navagio-13.jpg', 'Experience the wild and mysterious beauty at Navagio', NULL, NULL),
(62, 12, 'https://a.travel-assets.com/findyours-php/viewfinder/images/res70/471000/471559-United-States-Of-America.jpg', 'Waikiki: The ideal destination for those who love the sea and water sports', NULL, NULL),
(63, 12, 'https://a.travel-assets.com/findyours-php/viewfinder/images/res70/498000/498950-honolulu.jpg', 'Explore the beauty of Waikiki with its bright sunshine', NULL, NULL),
(64, 12, 'https://a.travel-assets.com/findyours-php/viewfinder/images/res70/71000/71743-Oahu-Island.jpg', 'Waikiki: A tropical paradise full of energy and joy', NULL, NULL),
(65, 12, 'https://a.travel-assets.com/findyours-php/viewfinder/images/res70/46000/46557-Honolulu.jpg', 'Romantic sunset at Waikiki, where light and sea blend', NULL, NULL),
(66, 12, 'https://a.travel-assets.com/findyours-php/viewfinder/images/res70/240000/240811-Waikiki-Beach.jpg', 'Take in the beautiful scenery and enjoy the ocean air at Waikiki', NULL, NULL),
(67, 13, 'https://static.vinwonders.com/2022/04/bai-bien-my-khe-da-nang-2.jpg', 'My Khe: An ideal resort with a wide beach and clear blue sea\r\n\r\n', NULL, NULL),
(68, 13, 'https://static.vinwonders.com/2022/04/bai-bien-my-khe-da-nang-6.jpg', 'Feel the peace and beauty of My Khe beach', NULL, NULL),
(69, 13, 'https://ik.imagekit.io/tvlk/blog/2023/06/mJDL20Dt-image-1024x576.png?tr=dpr-2,w-675', 'Explore the beauty of My Khe with long sandy beaches and whispering waves', NULL, NULL),
(70, 13, 'https://ik.imagekit.io/tvlk/blog/2023/06/HuEyyA8d-image.png?tr=dpr-2,w-675', 'Feel the peace and beauty of My Khe beach', NULL, NULL),
(71, 13, 'https://cdn.alongwalk.info/wp-content/uploads/2022/06/22011905/image-kinh-nghiem-du-lich-bai-bien-my-khe-da-nang-165581034598380.jpg', 'Explore the beauty of My Khe with long sandy beaches and whispering waves', NULL, NULL),
(72, 14, 'src=\"https://cdn-images.vtv.vn/thumb_w/650/Uploaded/nguyetmai/2014_04_23/cancun_1_220414.jpg\"', 'Cancún: Beach paradise with turquoise waters and white sand beaches', NULL, NULL),
(73, 14, 'https://cdn-images.vtv.vn/Uploaded/nguyetmai/2014_04_23/cancun_220414.jpg', 'Cancún: The perfect combination of relaxation and adventure', NULL, NULL),
(74, 14, 'https://png.pngtree.com/thumb_back/fw800/background/20220927/pngtree-panoramic-view-of-cancun-beach-and-hotel-zone-in-mexico-photo-image_39356782.jpg', 'Experience the amazing beauty of Cancún with its long beaches and crystal clear ocean waters', NULL, NULL),
(75, 14, 'https://luhanhvietnam.com.vn/du-lich/vnt_upload/news/05_2020/thien-duong-nghi-duong-cancun.jpg', 'Feel the relaxation and joy at Cancún beach', NULL, NULL),
(76, 14, 'https://luhanhvietnam.com.vn/du-lich/vnt_upload/news/05_2020/kinh-nghiem-du-lich-cuncun.jpg', 'Discover the tropical beauty of Cancún, where sea and sky blend', NULL, NULL),
(77, 15, 'https://mediaim.expedia.com/destination/2/f7e872d9eb17a8672ac598cc596f4730.jpg', 'Bazaruto: Pristine paradise with white sand and clear blue sea', NULL, NULL),
(78, 15, 'https://mediaim.expedia.com/destination/1/68fa26b74472380c1330e581e65cb988.jpg', 'Bazaruto: The ideal destination for those who love peace and pristine nature', NULL, NULL),
(79, 15, 'https://ak-d.tripcdn.com/images/0101j120008j0v80uD15E.jpg', 'Feel the relaxation and pristine beauty at Bazaruto', NULL, NULL),
(80, 15, 'https://static.kinhtedothi.vn/w960/images/upload/2024/04/22/dsvfdsfd.jpg', 'Bazaruto: The ideal destination for those looking for peace amidst beautiful nature', NULL, NULL),
(81, 15, 'https://mediaim.expedia.com/destination/2/dbcb68add9904fb786ce9ce7eea81abc.jpg', 'Bazaruto: The ideal destination for those who love peace and pristine nature', NULL, NULL),
(82, 18, 'src=\"https://luhanhvietnam.com.vn/du-lich/vnt_upload/news/10_2019/goa1.jpg\"', 'Goa: Where golden sunshine and blue sea create a tropical paradise', NULL, NULL),
(83, 18, 'https://media.istockphoto.com/id/123384481/vi/anh/b%C3%A3i-bi%E1%BB%83n-morjim-goa-%E1%BA%A5n-%C4%91%E1%BB%99.jpg?s=1024x1024&w=is&k=20&c=qQGXLg-nDv3lsL6OtXOdDJ6_oVrW5Nch2fSNPsnQSyQ=', 'Goa: The ideal destination for those who love the combination of relaxation and entertainment', NULL, NULL),
(84, 18, 'https://media.istockphoto.com/id/535168027/vi/anh/%E1%BA%A5n-%C4%91%E1%BB%99-goa-b%C3%A3i-bi%E1%BB%83n-palolem.jpg?s=1024x1024&w=is&k=20&c=moN2nuRFFmnvegYsolRV8NWJtBB_0B4K1Tcr6Tj31rA=', '\r\nExperience Goa\'s unique vibrancy and culture along with its beautiful beaches', NULL, NULL),
(85, 18, 'https://media.istockphoto.com/id/469852152/vi/anh/b%C3%A3i-bi%E1%BB%83n-arambol-goa.jpg?s=1024x1024&w=is&k=20&c=LjGRPlDOgIbs9uoWk3bM66w1QB9k6we3vqeqpfwC3mY=', 'Goa: A must-see destination for those who love the sea, music and excitement', NULL, NULL),
(86, 18, 'https://cdn.prod.website-files.com/576fd5a8f192527e50a4b95c/6583d3a58a7e80c8b7e415bf_Ashwem%20Beach.jpg', 'Beautiful sunrise on Goa beach, where a new day full of energy begins', NULL, NULL),
(87, 19, 'https://www.joeysantini.com/app/uploads/2022/04/Beach.jpg', 'Patong: Where blue sea and white sand blend in tropical beauty', NULL, NULL),
(88, 19, 'https://www.joeysantini.com/app/uploads/2022/04/Empty.jpg', 'Patong: A great destination for those looking for a combination of relaxation and exploration', NULL, NULL),
(89, 19, 'https://www.joeysantini.com/app/uploads/2022/04/Northern-end-of-the-beach.jpg', 'Brilliant sunrise at Patong, where golden light shines on the sea surface\r\n', NULL, NULL),
(90, 19, 'https://www.joeysantini.com/app/uploads/2022/04/Smoking-area-1.jpg', 'Feel the relaxation and energy of Patong beach with exciting activities\r\n', NULL, NULL),
(91, 19, 'https://www.joeysantini.com/app/uploads/2022/04/Long-tail-boats.jpg', 'Experience the bustle of Patong with its beautiful beaches and exciting activities', NULL, NULL),
(92, 20, 'https://www.sydneycityguide.com.au/img/listings/manly-beach.jpg', 'Manly: Where blue sea and white sand create a resort paradise near Sydney', NULL, NULL),
(93, 20, 'https://assets.atdw-online.com.au/images/e8a55b1da3eedfbe4ae7c4c967ee2e62.jpeg?rect=462%2C0%2C6953%2C5215&w=745&h=559&&rot=360&q=eyJ0eXBlIjoibGlzdGluZyIsImxpc3RpbmdJZCI6IjU2YjI0MzI2MjY2MTQwNTk0NTY4NzQzNSIsImRpc3RyaWJ1dG9ySWQiOiI1NmIxZWI5MzQ0ZmVjYTNkZjJlMz', 'Discover the beauty of Manly with its long beaches and fresh air', NULL, NULL),
(94, 20, 'https://assets.atdw-online.com.au/images/eda144c10c6444723886b70cab0339a1.jpeg?rect=91%2C0%2C7228%2C5421&w=745&h=559&&rot=360&q=eyJ0eXBlIjoibGlzdGluZyIsImxpc3RpbmdJZCI6IjU2YjI0MzI2MjY2MTQwNTk0NTY4NzQzNSIsImRpc3RyaWJ1dG9ySWQiOiI1NmIxZWI5MzQ0ZmVjYTNkZjJlMzI', 'Beautiful sunrise at Manly, where golden light highlights the seascape', NULL, NULL),
(95, 20, 'https://assets.atdw-online.com.au/images/d5ad11efca4cbf7e3b9d8ac3b613e63c.jpeg?rect=0%2C104%2C6945%2C5208&w=745&h=559&&rot=360&q=eyJ0eXBlIjoibGlzdGluZyIsImxpc3RpbmdJZCI6IjU2YjI0MzI2MjY2MTQwNTk0NTY4NzQzNSIsImRpc3RyaWJ1dG9ySWQiOiI1NmIxZWI5MzQ0ZmVjYTNkZjJlMz', 'Manly: The perfect vacation with wide beaches, white sand and clear sea water', NULL, NULL),
(96, 20, 'https://assets.atdw-online.com.au/images/a5d67fa75fbb715b3f03f65fa509c3f0.jpeg?rect=210%2C0%2C3044%2C2283&w=745&h=559&&rot=360&q=eyJ0eXBlIjoibGlzdGluZyIsImxpc3RpbmdJZCI6IjU2YjI0MzI2MjY2MTQwNTk0NTY4NzQzNSIsImRpc3RyaWJ1dG9ySWQiOiI1NmIxZWI5MzQ0ZmVjYTNkZjJlMz', 'Manly: A must-see destination with stunning beauty and diverse entertainment', NULL, NULL),
(97, 21, 'https://laverandaresorts.com/wp-content/uploads/2020/04/0416-AJS-La-Veranda-Resort-Phu-Quoc-9339-copy.jpg', 'Phu Quoc: Tropical paradise with white sand beaches and turquoise sea\r\n', NULL, NULL),
(98, 21, 'https://statics.vinpearl.com/phu-quoc-beach-1_1696212340.jpg', 'Phu Quoc: Ideal destination for those who love peace and relaxation in nature', NULL, NULL),
(99, 21, 'https://statics.vinpearl.com/phu-quoc-beach-1_1696209832.jpg', 'Phu Quoc: A resort paradise with long beaches, white sand and clear blue sea water', NULL, NULL),
(100, 21, 'https://statics.vinpearl.com/phu-quoc-beach-5_1645159655.jpg', 'Beautiful sunrise at Phu Quoc, where golden light reflects on the sea surface', NULL, NULL),
(101, 21, 'https://cms.vietnamcoracle.com/wp-content/uploads/2023/11/20210923_175931-scaled.jpg', 'Romantic sunset in Phu Quoc, where the sea scenery and light blend beautifully\r\n', NULL, NULL),
(102, 22, 'https://upload.wikimedia.org/wikipedia/commons/thumb/d/d9/Chennai_-_bird%27s-eye_view.jpg/320px-Chennai_-_bird%27s-eye_view.jpg', 'Marina: A wonderful space with the perfect combination of the sea and luxurious amenities', NULL, NULL),
(103, 22, 'https://media1.thrillophilia.com/filestore/lpjvop40kn0zdzv9bkerim9daoq9_shutterstock_1184460517.jpg?w=1440&dpr=2', 'Feel the relaxation and luxurious style at Marina, where you can enjoy the sea air', NULL, NULL),
(104, 22, 'https://media.istockphoto.com/id/846856596/vi/anh/chim-nh%C3%ACn-t%E1%BB%AB-ng%C3%B4i-nh%C3%A0-%C3%A1nh-s%C3%A1ng-v%C3%A0-b%C3%B3ng-c%E1%BB%A7a-ng%C3%B4i-nh%C3%A0-%C3%A1nh-s%C3%A1ng-b%C3%A3i-bi%E1%BB%83n-marina-chennai-%E1%BA%A5n-%C4%91%E1%BB%99-20.jpg?s=', 'Experience the beauty and vibrancy of Marina with its diverse entertainment activities', NULL, NULL),
(105, 22, 'https://media.istockphoto.com/id/1014286408/vi/anh/nh%C3%ACn-t%E1%BB%AB-tr%C3%AAn-kh%C3%B4ng-c%E1%BB%A7a-%C3%B4-trong-m%E1%BB%99t-b%C3%A3i-bi%E1%BB%83n-c%E1%BB%A7a-bi%E1%BB%83n-aegean.jpg?s=1024x1024&w=is&k=20&c=tidhwH8c39jwBFk4k1vGcj_kUXmGU_Z00kCDpnTmcBk', 'Marina: The ideal destination for those who love harbors and sea activities', NULL, NULL),
(106, 22, 'https://www.tourmyindia.com/states/tamilnadu/images/marina-beach1-1.jpg', 'Marina: Where the peace and beauty of the harbor create a wonderful relaxing space', NULL, NULL),
(107, 23, 'https://www.thailand.go.th/uploads/posts/the_post_1684340842.webp', 'Railay: Where wild beauty and limestone cliffs create a unique sea paradise', NULL, NULL),
(108, 23, 'https://www.thailand.go.th/uploads/posts/photo_1684340843_0.jpeg', 'Discover the magic of Railay with its stunning beaches and dramatic mountain scenery', NULL, NULL),
(109, 23, 'https://www.thailand.go.th/uploads/posts/photo_1684340843_1.jpeg', 'Railay: A destination not to be missed with the perfect combination of the sea and majestic mountains', NULL, NULL),
(110, 23, 'https://www.weseektravel.com/wp-content/uploads/2023/04/railay-beach-thailand-1-2-669x768.jpg', 'Railay: The perfect vacation with white beaches, clear blue sea and beautiful mountain views', NULL, NULL),
(111, 23, 'https://www.weseektravel.com/wp-content/uploads/2023/04/how-to-get-to-railay-beach-1-4-1024x683.jpg', 'Railay: The ideal destination for those who love climbing, scuba diving and relaxing in nature', NULL, NULL),
(112, 24, 'https://media.tacdn.com/media/attractions-splice-spp-674x446/0b/18/dd/68.jpg', 'Feel the relaxation and pristine beauty at Elafonissi beach', NULL, NULL),
(113, 24, 'https://media.tacdn.com/media/attractions-splice-spp-674x446/0b/18/dd/40.jpg', 'Elafonissi: Where pink sand and clear blue sea create a tropical paradise', NULL, NULL),
(114, 24, 'https://media.tacdn.com/media/attractions-splice-spp-674x446/0b/18/dd/57.jpg', 'Elafonissi: The ideal destination for those who love wild beauty and relaxation on the beach', NULL, NULL),
(115, 24, 'https://media.tacdn.com/media/attractions-splice-spp-674x446/0b/18/dd/5a.jpg', 'Experience the unique beauty of Elafonissi with relaxing activities and nature exploration', NULL, NULL),
(116, 24, 'https://media.tacdn.com/media/attractions-splice-spp-674x446/0b/18/dd/5b.jpg', 'Elafonissi: The perfect vacation with pink sand beaches and stunning sea views', NULL, NULL),
(117, 25, 'https://stradbrokeisland.com/wp-content/uploads/2022/11/frenchman_s_beach_gall_img1.png', 'Frenchman\'s: Where blue sea and white sand create a wonderful resort paradise', NULL, NULL),
(118, 25, 'https://stradbrokeisland.com/wp-content/uploads/2022/11/frenchman_s_beach_gall_img2-1024x576.png', 'Feel the relaxation and pristine beauty at Frenchman\'s Cove beach', NULL, NULL),
(119, 25, 'https://stradbrokeisland.com/wp-content/uploads/2022/11/frenchman_s_beach_gall_img3-1024x576.png', 'Discover the tranquility of Frenchman\'s Cove with its white sand beach and amazing views\r\n', NULL, NULL),
(120, 25, 'https://stradbrokeisland.com/wp-content/uploads/2022/11/frenchman_s_beach_gall_img4-1024x576.png', 'Frenchman\'s Cove: A must-see destination with the perfect combination of natural beauty and the tranquility of the sea\r\n\r\n\r\n\r\n\r\n\r\n', NULL, NULL),
(121, 25, 'https://frenchmanscove.com/wp-content/uploads/2019/10/frenchmans-cove-jamaica-beach-4.jpg', 'Frenchman\'s Cove: A wonderful beach with white sand, clear ocean water and fresh air\r\n', NULL, NULL),
(122, 26, 'https://upload.wikimedia.org/wikipedia/commons/thumb/e/e0/Varkala_beach_from_above.jpg/320px-Varkala_beach_from_above.jpg', 'Varkala: The perfect vacation with white beaches, clear blue sea water and beautiful natural scenery', NULL, NULL),
(123, 26, 'https://upload.wikimedia.org/wikipedia/commons/2/2a/Varkala_Beach.jpg', 'Romantic sunset at Varkala, where the light reflects on the sea and cliffs', NULL, NULL),
(124, 26, 'https://mediaim.expedia.com/destination/1/f0fe68eca8ce050afd37a4456f3ccc3e.jpg', 'Experience the magic and raw beauty of Varkala with outdoor activities', NULL, NULL),
(125, 26, 'https://mediaim.expedia.com/destination/1/b7dfdac82092e475bb994237ea6cf4bb.jpg', 'Varkala: A resort paradise with pristine beaches and majestic mountain scenery', NULL, NULL),
(126, 26, 'https://mediaim.expedia.com/destination/1/7468f7620cdc7ed44675497d86d54300.jpg', 'Experience the magic and raw beauty of Varkala with outdoor activities', NULL, NULL),
(127, 27, 'https://whileyoustayhome.com/wp-content/uploads/2022/02/1-The-best-Phi-Phi-beaches-and-trails-thailand-while-you-stay-home.jpg', 'Phi Phi: The perfect vacation with white beaches, clear blue sea water and wonderful landscapes', NULL, NULL),
(128, 27, 'https://whileyoustayhome.com/wp-content/uploads/2022/02/The-best-Phi-Phi-beaches-and-trails-thailand-while-you-stay-home-12-1.jpg', 'Phi Phi: A resort paradise with pristine beaches and beautiful natural scenery', NULL, NULL),
(129, 27, 'https://whileyoustayhome.com/wp-content/uploads/2022/02/The-best-Phi-Phi-beaches-and-trails-thailand-while-you-stay-home-14-1.jpg', 'Phi Phi: A destination not to be missed with its wild natural beauty and tranquility of the sea', NULL, NULL),
(130, 27, 'https://whileyoustayhome.com/wp-content/uploads/2022/02/The-best-Phi-Phi-beaches-and-trails-thailand-while-you-stay-home-17-1.jpg', 'Phi Phi: Tropical paradise with beautiful beaches and clear blue sea water', NULL, NULL),
(131, 27, 'https://whileyoustayhome.com/wp-content/uploads/2022/02/The-best-Phi-Phi-beaches-and-trails-thailand-while-you-stay-home-21-1.jpg', 'Experience the magic and pristine beauty of Phi Phi with exciting outdoor activities', NULL, NULL),
(132, 28, 'https://www.algarveportugaltourism.com/images/algarve-praia-da-marinha.jpg', 'Experience the magic and natural beauty of Praia da Marinha with outdoor activities', NULL, NULL),
(133, 28, 'https://www.algarveportugaltourism.com/images/algarve-marinha-beach.jpg', 'Praia da Marinha: Perfect vacation with beautiful beaches and wonderful natural scenery', NULL, NULL),
(134, 28, 'https://www.algarveportugaltourism.com/images/praia-da-marinha.jpg', 'Explore the breathtaking beauty of Praia da Marinha with its impressive limestone cliffs', NULL, NULL),
(135, 28, 'https://www.algarveportugaltourism.com/images/marinha-beach.jpg', 'Praia da Marinha: A resort paradise with golden sand beaches and clear blue sea water', NULL, NULL),
(136, 28, 'https://www.algarveportugaltourism.com/images/hotels/tivoli-carvoeiro-luxury-hotel.jpeg', 'Romantic sunset at Praia da Marinha, where golden light highlights the seascape', NULL, NULL),
(137, 29, 'https://www.travelandleisure.com/thmb/GxxiGHK_fI55Gh7MCVdmRi1Nas4=/1500x0/filters:no_upscale():max_bytes(150000):strip_icc():format(webp)/TAL-miami-beach-coast-miami-florida-BESTBEACH1023-149087fb668749019e11de4b1b338a50.jpg', 'Miami: Where blue sea and white sand create a tropical paradise', NULL, NULL),
(138, 29, 'https://thumbs.dreamstime.com/z/miami-beach-florida-usa-ocean-drive-74275357.jpg?ct=jpeg', 'Miami: A must-see destination with the perfect combination of natural beauty and vibrant urban life', NULL, NULL),
(139, 29, 'https://upload.wikimedia.org/wikipedia/commons/thumb/3/30/Miamibeach.jpg/320px-Miamibeach.jpg', 'Beautiful sunrise in Miami, where the light illuminates the skyscrapers and the ocean', NULL, NULL),
(140, 29, 'https://assets3.thrillist.com/v1/image/3179195/414x310/crop;webp=auto;jpeg_quality=60;progressive.jpg', 'Miami: The ideal destination for those who love the beach, sun and outdoor activities', NULL, NULL),
(141, 29, 'https://cdn.loewshotels.com/loewshotels.com-2466770763/cms/cache/v2/630d1b6d6629a.jpg/1920x1080/fit;c:1180,1184,5000,3332;fp:55,89/80/2dca44251f61c3daec0fcf5d46f135d8.jpg', 'Experience the excitement and natural beauty of Miami with a variety of recreational activities', NULL, NULL),
(142, 30, '//travel.home.sndimg.com/content/dam/images/travel/fullset/2012/02/28/ad/beaches-ipanema-brazil.rend.hgtvcom.1280.960.suffix/1491583328232.jpeg', 'Discover the vibrant beauty of Ipanema with its long beaches and majestic landscapes', NULL, NULL),
(143, 30, 'https://lp-cms-production.imgix.net/2019-06/GettyImages-147189497_medium.jpg?w=1920&h=640&fit=crop&crop=faces%2Cedges&auto=format&q=75', 'Ipanema: The beach is famous for its white sand and clear blue sea water', NULL, NULL),
(144, 30, 'https://as1.ftcdn.net/v2/jpg/01/43/88/56/1000_F_143885651_AVvJmsKrWn3NRPtdLJ0VTn3JBGfNpB7p.jpg', 'Romantic sunset at Ipanema, where light reflects on the water and the Dois Irmãos mountains', NULL, NULL),
(145, 30, 'https://images.hive.blog/0x0/https://steemitimages.com/DQmbLGsgioYjJW4LTDthfJPyJKT3nAhaVa2V6enAxVxvsp8/2%20Discover%20the%20famous%20Ipanema%20Beach%2C%20one%20of%20the%20most%20beautiful%20beaches%20in%20Rio%20de%20Janeiro%2C%20Brazil.jpg', 'Ipanema: A diverse beach with rich entertainment, sports and cultural activities', NULL, NULL),
(146, 30, 'https://media.istockphoto.com/id/95222616/photo/ipanema-leblon-beach-in-rio-de-janeiro-brazil.jpg?s=612x612&w=0&k=20&c=yIZf6f0OrK47l7Q8PpNEqz2YoTiomI-EomPxZMzg6GA=', 'Discover the vibrant beauty of Ipanema with its long beaches and majestic landscapes', NULL, NULL),
(147, 31, 'https://upload.wikimedia.org/wikipedia/commons/7/79/Bondi_from_above.jpg', 'Bondi: A must-see destination with the perfect combination of natural beauty and vibrant life', NULL, NULL),
(148, 31, 'https://img.delicious.com.au/k8aVJhT-/del/2023/09/bondi-beach-sydney-source-istock-195523-2.jpg', 'Bondi: The perfect vacation with long beaches, clear blue sea water and fresh air', NULL, NULL),
(149, 31, 'https://lp-cms-production.imgix.net/2019-06/GettyImages-dv802147_super.jpg?w=1920&h=640&fit=crop&crop=faces%2Cedges&auto=format&q=75', 'Bondi: A popular beach with a variety of sports activities, cafes and restaurants', NULL, NULL),
(150, 31, 'https://encrypted-tbn0.gstatic.com/images?q=tbn:ANd9GcQcGI2rsNKbOHqHaCyLo42PTQYsr6JDq-K4ypQu4DsrqA4TFcFMrEtnxuXnhuah_0CucI0&usqp=CAU', 'Experience the excitement and natural beauty of Bondi with its rich cultural and entertainment events', NULL, NULL),
(151, 31, 'https://ychef.files.bbci.co.uk/1280x720/p0g2lyq7.jpg', 'Bondi: Where golden sand and blue sea create a surfing paradise', NULL, NULL),
(152, 32, 'https://www.egiptoexclusivo.com/wp-content/uploads/2023/06/playas-marsa-matruh.jpg', 'Marsa Matruh: Where the turquoise sea and white sand create a resort paradise', NULL, NULL),
(153, 32, 'https://dynamic-media-cdn.tripadvisor.com/media/photo-o/05/f6/58/4b/anasteisha.jpg?w=1200&h=1200&s=1', 'Marsa Matruh: A destination not to be missed with its wild natural beauty and tranquility of the sea', NULL, NULL),
(154, 32, 'https://admin.ask-aladdin.com/photos/egypt/articles/Rommel-Beach-in-Marsa-Matruh-askaladdin.webp', 'Marsa Matruh: A wonderful beach with white sand, clear blue sea water and fresh air', NULL, NULL),
(155, 32, 'https://encrypted-tbn0.gstatic.com/images?q=tbn:ANd9GcSteYNzkYhl_GgZXQo5JeAGrGOyeCQuMeKupeBsIVQ5LvvZK01ESkqJZ775N6tv2jgtE_8&usqp=CAU', 'Marsa Matruh: The perfect vacation with long beaches, white sand and beautiful sea views', NULL, NULL),
(156, 32, 'https://as2.ftcdn.net/v2/jpg/03/11/04/57/1000_F_311045765_BI2f5gBN5JZmKJvgzQDbS9gKgs1eJuxL.jpg', 'Explore the wild beauty of Marsa Matruh with its long beach and clear sea water', NULL, NULL),
(157, 33, 'https://thesun.my/binrepository/3188237_3197391_20230530133416.jpg', 'Tioman: The perfect vacation with white beaches, clear blue sea and majestic scenery', NULL, NULL),
(158, 33, 'https://media-cdn.tripadvisor.com/media/photo-s/28/c4/a1/b0/tunamaya-beach-spa-resort.jpg', 'Feel the relaxation and natural beauty at Tioman beach', NULL, NULL),
(159, 33, 'https://encrypted-tbn0.gstatic.com/images?q=tbn:ANd9GcSF3B4jEN6bxnIBTeyJEKqPJnWOmZd5rTnbcufR3YkJuYeAQWV-iQN2UAJLHPDLa4oNb04&usqp=CAU', 'Experience the magic and pristine beauty of Tioman with exciting outdoor activities', NULL, NULL),
(160, 33, 'https://live.staticflickr.com/4241/35458126550_7d5cb66f8b_b.jpg', 'Tioman: The ideal destination for those who love diving, exploring and relaxing', NULL, NULL),
(161, 33, 'https://lp-cms-production.imgix.net/features/2016/01/Tioman-islands-Salang-Beach-is-among-th-eislands-most-beautiful.jpg?auto=format&q=75&w=1920', 'Tioman: The perfect vacation with white beaches, clear blue sea and majestic scenery', NULL, NULL),
(167, 1, 'https://dynamic-media-cdn.tripadvisor.com/media/photo-o/08/58/26/62/photo0jpg.jpg?w=1000&h=-1&s=1', 'White sand, blue sea and clear sky – all you need to relax in Nha Trang.', NULL, NULL),
(168, 1, 'https://dynamic-media-cdn.tripadvisor.com/media/photo-o/08/52/00/38/caption.jpg?w=1200&h=-1&s=1', 'Because Nha Trang beach is not only a place to relax, but also a place to keep the most beautiful memories of life.', NULL, NULL),
(169, 1, 'https://dynamic-media-cdn.tripadvisor.com/media/photo-o/07/a3/46/db/nha-trang-beach.jpg?w=1200&h=-1&s=1', 'Discover the indescribable beauty of Nha Trang beach – a paradise of white sand and blue waves.', NULL, NULL),
(170, 1, 'https://dynamic-media-cdn.tripadvisor.com/media/photo-s/02/ca/a5/b6/nha-trang-beach.jpg?w=600&h=-1&s=1', 'Afternoons at Nha Trang beach: where sunset and the ocean blend into a romantic love song.', NULL, NULL),
(171, 1, 'https://dynamic-media-cdn.tripadvisor.com/media/photo-s/02/7f/4e/60/caption.jpg?w=600&h=-1&s=1', 'Discover the indescribable beauty of Nha Trang beach – a paradise of white sand and blue waves.', NULL, NULL),
(172, 8, 'https://media.gettyimages.com/id/1127143161/photo/villefranche-sur-mer-and-its-bay-on-the-french-riviera.jpg?s=2048x2048&w=gi&k=20&c=XFTfREcrZixTxFBUQR_-02WQLENPghkkLFyxG10L970=', 'Immerse yourself in the turquoise waters of Nice beach and feel the peace.', NULL, NULL),
(173, 8, 'https://media.gettyimages.com/id/686516363/photo/strippped-beach-umbrellas.jpg?s=2048x2048&w=gi&k=20&c=GTvWjf4y7AuAT87_SGfY0yj2r463mFsm3X1qvcSXLUU=', 'Nice Beach: where the sun and the sea blend in sparkling blue.', NULL, NULL),
(174, 8, 'https://media.gettyimages.com/id/686516375/photo/view-of-nice-beach-and-promenade-des-angles.jpg?s=2048x2048&w=gi&k=20&c=ENGmBpUoQAezBRuCpDIzKMmXdso0t57eGTgPsiHS0uQ=', 'Long, sunny days on the beach in Nice, where life is more relaxed than ever.', NULL, NULL),
(175, 8, 'https://media.gettyimages.com/id/sb10070067s-001/photo/france-nice-miediteranean-sea-and-beach.jpg?s=2048x2048&w=gi&k=20&c=VNSwHUfLiNaa43yQp3nqUIigARk7MdGT2AelbuM8PJI=', 'Every day at Nice beach is an opportunity to enjoy the beauty of life.', NULL, NULL),
(176, 8, 'https://media.gettyimages.com/id/1096970536/photo/promenade-des-anglais-at-sunset-nice-french-riviera.jpg?s=2048x2048&w=gi&k=20&c=-uLrsMob_I_d8ncCRD_JPiA2phDY_Lxdvzk6RvmyURM=', 'Sunset on Nice beach: a perfect picture of nature.', NULL, NULL),
(177, 3, 'https://media.istockphoto.com/id/543044222/vi/anh/kaanapali-beach-and-resort-kh%C3%A1ch-s%E1%BA%A1n-%E1%BB%9F-maui-hawaii.jpg?s=1024x1024&w=is&k=20&c=4t_xHJ7CT9TGESdo7poHiYrXvr7jKL85WUTP1GCB9sY=', 'Kaanapali Beach: where the sun and ocean meet, creating a tropical paradise.', NULL, NULL),
(178, 3, 'https://media.istockphoto.com/id/1244753257/vi/anh/b%C3%A3i-bi%E1%BB%83n-kaanapali-maui-hawaii-ba-d%E1%BA%B7m-c%C3%A1t-tr%E1%BA%AFng-v%C3%A0-n%C6%B0%E1%BB%9Bc-pha-l%C3%AA.jpg?s=1024x1024&w=is&k=20&c=oRMNRCnUEQ62CV2pXkyEouSM3Ej0tembIkAqic_IOso=', 'Immerse yourself in the romantic atmosphere of Kaanapali Beach, where every moment is a wonder.', NULL, NULL),
(179, 3, 'https://media.istockphoto.com/id/1244758895/vi/anh/b%C3%A3i-bi%E1%BB%83n-kaanapali-maui-hawaii-ba-d%E1%BA%B7m-c%C3%A1t-tr%E1%BA%AFng-v%C3%A0-n%C6%B0%E1%BB%9Bc-pha-l%C3%AA.jpg?s=1024x1024&w=is&k=20&c=YwBfBmspUEBxtrgNWFZxkIP9DTFow1GEjxmFpNXb6xg=', 'Kaanapali Beach is not only a place to relax, but also an ideal destination for memorable memories.', NULL, NULL),
(180, 3, 'https://media.istockphoto.com/id/530946342/vi/anh/b%C3%A3i-bi%E1%BB%83n-kaanapali-tr%C3%AAn-b%E1%BB%9D-t%C3%A2y-maui-hawaii-l%C3%BAc-ho%C3%A0ng-h%C3%B4n.jpg?s=1024x1024&w=is&k=20&c=lW7Veh20AXDhstWjs0txP-LWQ7GME72krVPjbeLBn-M=', 'Sunset on Kaanapali Beach: a beautiful colorful picture of nature.', NULL, NULL),
(181, 3, 'https://media.istockphoto.com/id/97022084/vi/anh/nh%C3%ACn-xu%E1%BB%91ng-b%C3%A3i-bi%E1%BB%83n-kaanapali-maui-hawaii.jpg?s=1024x1024&w=is&k=20&c=zPXKJo3mP8f1qpjp1YY_anIwrGVr2nqQT7BKYA1X8Lw=', 'The clear blue water and white sand of Kaanapali Beach make all your worries melt away.', NULL, NULL),
(182, 5, 'https://media.istockphoto.com/id/1221784138/vi/anh/la-digue-seychelles.jpg?s=1024x1024&w=is&k=20&c=If_EIUfDdYHx-Hi0uZub9L1z7sLBx8M04uaAj6suR8Q=', 'Anse Source D\'Argent Beach: where giant rocks and white sand create an unforgettable landscape.', NULL, NULL),
(183, 5, 'https://media.istockphoto.com/id/482343250/vi/anh/anse-source-dargent-b%C3%A3i-bi%E1%BB%83n-tr%C3%AAn-%C4%91%E1%BA%A3o-%E1%BB%9F-seychelles.jpg?s=1024x1024&w=is&k=20&c=96KqPr9H-1cIeaXmuAFpL4a9EJi7iqRinLhXRLqQ3c8=', 'Anse Source D\'Argent is more than just a beach, it is a paradise of relaxation and magic.', NULL, NULL),
(184, 5, 'https://media.istockphoto.com/id/491990762/vi/anh/anse-source-dargent-b%C3%A3i-bi%E1%BB%83n-tr%C3%AAn-%C4%91%E1%BA%A3o-%E1%BB%9F-seychelles.jpg?s=1024x1024&w=is&k=20&c=asPAeCwubsLIwT4l9bM5i4f85xY6Bft-YNWRvnV7ELA=', 'Anse Source D\'Argent: where the colors of the ocean and the sky blend into one beautiful picture.', NULL, NULL),
(185, 5, 'https://media.istockphoto.com/id/482381060/vi/anh/anse-source-dargent-b%C3%A3i-bi%E1%BB%83n-tr%C3%AAn-%C4%91%E1%BA%A3o-%E1%BB%9F-seychelles.jpg?s=1024x1024&w=is&k=20&c=8VY3Ga_5jHf5efDpxXMP3H9eCOGthgzqttz3Nym1KYw=', 'Every step on Anse Source D\'Argent beach is a journey into a world of tranquility and natural beauty.', NULL, NULL),
(186, 5, 'https://media.istockphoto.com/id/1139756842/vi/anh/b%C3%A3i-bi%E1%BB%83n-nhi%E1%BB%87t-%C4%91%E1%BB%9Bi-%E1%BB%9F-seychelles.jpg?s=1024x1024&w=is&k=20&c=Zwiv_7j1czbSqzNjmz3NyQLXz0YkML1FmTLZtUB1YjA=', 'Discover the enchanting beauty of Anse Source D\'Argent beach and let yourself be captivated by its magic.', NULL, NULL),
(187, 4, 'https://media.istockphoto.com/id/1427959861/vi/anh/t%E1%BA%A7m-nh%C3%ACn-tuy%E1%BB%87t-%C4%91%E1%BA%B9p-t%E1%BB%AB-tr%C3%AAn-kh%C3%B4ng-b%E1%BA%B1ng-m%C3%A1y-bay-kh%C3%B4ng-ng%C6%B0%E1%BB%9Di-l%C3%A1i-g%C3%B3c-cao-c%E1%BB%A7a-b%C3%A3i-bi%E1%BB%83n-whiteha', 'There is the pristine beauty of Whitehaven beach with white and clear blue water.', NULL, NULL),
(188, 4, 'https://media.istockphoto.com/id/1286917142/vi/anh/thuy%E1%BB%81n-tr%C3%AAn-m%E1%BA%B7t-n%C6%B0%E1%BB%9Bc-t%E1%BA%A1i-b%C3%A3i-bi%E1%BB%83n-whiteheaven-australia.jpg?s=1024x1024&w=is&k=20&c=SVQsmfBitdA_BzwNrAO3Zcp3x2SFszQdnzOmPXnDkec=', 'Take a dip in the crystal clear waters of Whitehaven Beach and experience ultimate relaxation.', NULL, NULL),
(189, 4, 'https://media.istockphoto.com/id/1213684048/vi/anh/b%C3%A3i-bi%E1%BB%83n-nhi%E1%BB%87t-%C4%91%E1%BB%9Bi-tuy%E1%BB%87t-%C4%91%E1%BA%B9p-anse-lazio-%C4%91%E1%BA%A3o-praslin.jpg?s=1024x1024&w=is&k=20&c=pqtx9wLtNcVgpMgIukrtaedSe7Gnfr3u_Rq4teZnwSg=', 'Stepping onto the white sands of Whitehaven Beach is like entering a world of wonder and serenity.', NULL, NULL),
(190, 4, 'https://media.istockphoto.com/id/1215928958/vi/anh/quang-c%E1%BA%A3nh-tr%C3%AAn-kh%C3%B4ng-tr%C3%AAn-b%C3%A3i-bi%E1%BB%83n-anse-volvert-cote-dor-tr%C3%AAn-%C4%91%E1%BA%A3o-praslin-%E1%BB%9F-seychelles.jpg?s=1024x1024&w=is&k=20&c=jwnywC7jMA7N7YJBe2BHoUtq_G', 'Whitehaven Beach: an ideal destination to relax and create unforgettable memories.', NULL, NULL),
(191, 4, 'https://media.istockphoto.com/id/1271753082/vi/anh/n%E1%BB%81n-l%C6%B0%E1%BB%9Bt-s%C3%B3ng-bi%E1%BB%83n-view-tr%C3%AAn-c%C3%B9ng.jpg?s=1024x1024&w=is&k=20&c=qcd9GAlS2_xJpOjbLMMr1TbV4JdhCaqUya7OSMEJxDg=', 'The absolute serenity and stunning scenery of Whitehaven Beach is the perfect combination of nature.', NULL, NULL);
